id,name,type,start_date,end_date,target_markets,target_segments,target_categories,impact,ramp_up_days,decay_days,experiment_id,budget_usd,status
INIT_001,Diwali Play Points 3x Bonus,PLAY_POINTS_BONUS,2024-10-15,2024-11-15,"[""IN""]","[""ALL""]","[""ALL""]","{""play_points_earn_rate"": 200.0, ""play_points_burn_rate"": 150.0, ""offer_redemption_rate"": 0.15, ""loyalty_driven_purchases"": 8000}",5,7,,500000.0,COMPLETED
INIT_002,Global Holiday Gift Card Bonus,GIFT_CARD_BONUS,2024-12-01,2024-12-31,"[""ALL""]","[""ALL""]","[""SHO"", ""ENT""]","{""offer_driven_revenue"": 120000.0, ""offer_redemption_count"": 5000, ""offer_cost"": 25000.0}",3,10,,300000.0,COMPLETED
INIT_003,Win-back Campaign (Lapsed Users),RE_ENGAGEMENT,2024-11-01,2024-12-15,"[""US"", ""GB"", ""DE""]","[""LAP_30_90"", ""LAP_90""]","[""ALL""]","{""wau"": 500000, ""dau"": 200000, ""revenue_per_user"": -0.8, ""d30_retention"": -0.03}",7,14,EXP_WINBACK_2024Q4,750000.0,COMPLETED
INIT_004,Subscription Free Trial Push,SUBSCRIPTION_TRIAL,2024-09-01,2024-10-15,"[""US"", ""JP"", ""KR""]","[""ACT_HIGH"", ""ACT_MED""]","[""ENT"", ""GAM""]","{""subscription_conversion_rate"": 0.02}",14,21,EXP_SUBTRIAL_2024Q3,400000.0,COMPLETED
INIT_005,PAUSED Mid-flight Cashback Campaign,CASHBACK,2024-08-01,2024-08-20,"[""BR"", ""MX""]","[""ALL""]","[""SHO""]","{""offer_redemption_rate"": 0.08, ""offer_cost"": 40000.0}",3,0,,200000.0,COMPLETED
INIT_006,Japan Golden Week Games Promo,DEVELOPER_PROMO,2024-04-27,2024-05-07,"[""JP""]","[""ALL""]","[""GAM_CAS"", ""GAM_MID"", ""GAM_HRD"", ""GAM_RPG"", ""GAM_STR""]","{""sessions_per_user"": 2.5, ""avg_session_duration"": 5.0, ""dau"": 1500000}",2,5,,350000.0,COMPLETED
INIT_007,India Republic Day Offer Blitz,CASHBACK,2024-01-20,2024-02-05,"[""IN""]","[""ALL""]","[""ALL""]","{""offer_impression_count"": 80000, ""offer_ctr"": 0.04, ""offer_funnel_conversion"": 0.01}",3,7,,250000.0,COMPLETED
INIT_008,Play Points Tier Upgrade Event,LOYALTY_TIER_UP,2024-03-01,2024-03-31,"[""ALL""]","[""PP_ACTIVE"", ""PP_DORMANT""]","[""ALL""]","{""play_points_earn_rate"": 25.0, ""play_points_burn_rate"": 15.0, ""loyalty_driven_purchases"": 3000}",5,10,,180000.0,COMPLETED
INIT_009,US Back-to-School Bundle,BUNDLE_OFFER,2024-08-15,2024-09-15,"[""US""]","[""NEW_0_7"", ""NEW_8_30""]","[""EDU"", ""PRD""]","{""store_visit_to_install_rate"": 0.05, ""install_to_first_purchase_rate"": 0.008}",3,7,,150000.0,COMPLETED
INIT_010,Korea Chuseok Gaming Festival,DEVELOPER_PROMO,2024-09-14,2024-09-20,"[""KR""]","[""ALL""]","[""GAM_CAS"", ""GAM_MID"", ""GAM_HRD"", ""GAM_RPG"", ""GAM_STR""]","{""dau"": 800000, ""sessions_per_user"": 3.0, ""offer_redemption_count"": 2000}",2,4,,200000.0,COMPLETED
INIT_011,Black Friday Global Mega Sale,CASHBACK,2024-11-25,2024-12-02,"[""ALL""]","[""ALL""]","[""SHO"", ""ENT""]","{""offer_driven_revenue"": 250000.0, ""offer_impression_count"": 100000, ""offer_redemption_rate"": 0.12}",1,5,,600000.0,COMPLETED
INIT_012,Developer Promo: Indie Games Spotlight,DEVELOPER_PROMO,2024-07-01,2024-07-31,"[""US"", ""GB"", ""DE"", ""JP""]","[""ALL""]","[""GAM_CAS"", ""GAM_MID""]","{""store_visit_to_install_rate"": 0.03, ""dau"": 300000}",5,10,EXP_INDIE_2024Q3,220000.0,COMPLETED
INIT_013,Ramadan Special Offers,CASHBACK,2024-03-10,2024-04-09,"[""TR"", ""ID"", ""EG""]","[""ALL""]","[""ALL""]","{""offer_redemption_rate"": 0.06, ""loyalty_driven_purchases"": 4000}",5,7,,280000.0,COMPLETED
INIT_014,New Year Loyalty Boost,PLAY_POINTS_BONUS,2024-12-28,2025-01-15,"[""ALL""]","[""ALL""]","[""ALL""]","{""play_points_earn_rate"": 30.0, ""offer_impression_count"": 50000}",3,10,,200000.0,ACTIVE
INIT_015,Valentine's Day Gift Card Push,GIFT_CARD_BONUS,2025-02-07,2025-02-16,"[""US"", ""GB"", ""JP"", ""KR""]","[""ALL""]","[""ENT"", ""SOC""]","{""offer_driven_revenue"": 60000.0, ""offer_cost"": 12000.0}",2,5,,120000.0,ACTIVE
INIT_016,Southeast Asia Growth Push,RE_ENGAGEMENT,2025-01-15,2025-03-15,"[""ID"", ""PH"", ""VN""]","[""ALL""]","[""ALL""]","{""wau"": 2000000, ""store_visit_to_install_rate"": 0.04, ""offer_impression_count"": 60000}",10,14,EXP_SEA_GROWTH_2025Q1,900000.0,ACTIVE
INIT_017,Premium Tier Retention Program,LOYALTY_TIER_UP,2025-02-01,2025-03-31,"[""ALL""]","[""ACT_HIGH""]","[""ALL""]","{""d7_retention"": 0.05, ""d30_retention"": 0.03, ""churn_rate"": -0.02}",7,14,,350000.0,ACTIVE
INIT_018,Brazil Carnival Gaming Blast,DEVELOPER_PROMO,2025-02-28,2025-03-05,"[""BR""]","[""ALL""]","[""GAM_CAS"", ""GAM_MID"", ""GAM_HRD"", ""GAM_RPG"", ""GAM_STR""]","{""sessions_per_user"": 4.0, ""dau"": 600000}",1,3,,160000.0,PLANNED
